,Unit,Values,Description
group_close_buses, bool, "{True, False}", "True: close buses are merged and guarantee the voltage matching among line endings."
group_tolerance_buses, m,, "Tolerance in meters of the close buses to merge."
split_overpassing_lines, bool, "{True, False}", "True: lines overpassing buses are splitted and connected to the buses."
overpassing_lines_tolerance, m,, "Tolerance to identify lines overpassing buses."
force_ac, bool, "{True, False}", "True: forces all components (lines and substation) to be AC-only. To be used if DC assets create problems."
