,Unit,Values,Description
cutout,--,"Must be 'europe-2013-era5'","Specifies the directory where the relevant weather data ist stored."
resource,,,
-- method,,, "Specifies the Atlite method to calculate renewable potential."
-- hydrobasin,,, "Specifies the file location for hydrobasins. They are used to make the runoff calibration, defining a polygon to compute the available water surface using a surface integral."
-- flowspeed,,,
carriers,--,"Any subset of {'ror', 'PHS', 'hydro'}","Specifies the types of hydro power plants to build per-unit availability time series for. 'ror' stands for run-of-river plants, 'PHS' represents pumped-hydro storage, and 'hydro' stands for hydroelectric dams."
PHS_max_hours,h,float,"Maximum state of charge capacity of the pumped-hydro storage (PHS) in terms of hours at full output capacity ``p_nom``. Cf. `PyPSA documentation <https://pypsa.readthedocs.io/en/latest/components.html#storage-unit>`_."
hydro_max_hours,h,"Any of {float, 'energy_capacity_totals_by_country', 'estimate_by_large_installations'}","Maximum state of charge capacity of the pumped-hydro storage (PHS) in terms of hours at full output capacity ``p_nom`` or heuristically determined. Cf. `PyPSA documentation <https://pypsa.readthedocs.io/en/latest/components.html#storage-unit>`_."
clip_min_inflow,MW,float,"To avoid too small values in the inflow time series, values below this threshold are set to zero."
extendable, bool, "{True, False}", "True: In nodes where there is no hydro generation, adds a zero-capacity hydro generator so that hydro is considered for capacity expansion. It is done in the ``add_electricity`` rule."
normalization,--,dict,"When specified, it describes how to normalize hydro time series to adhere to national statistics"
--method,--,str,"Data source used to rescale the hydro runoff; option 'hydro_capacities' to use the provided 'data/hydro_capacities.csv' or 'eia' for using the eia file"
--year,--,year,"(optional) Specify the desired year to be used for normalization, the default value corresponds to the cutout weather year"
multiplier,--,float,"Multiplier factor of the rescaling process (default 1.0)"
